<?xml version='1.0' encoding='UTF-8' ?>
<timeLogEntries>
  <time id="1" path="/ForniteProject/PSP0/Planning" start="@1536371818024" delta="326" />
  <time id="2" path="/ForniteProject/PSP0/Code" start="@1536459672656" delta="226" />
  <time id="3" path="/ForniteProject/PSP0/Code" start="@1536473260089" delta="33" />
  <time id="4" path="/ForniteProject/PSP0/Planning" start="@1536780213700" delta="337" />
  <time id="5" path="/ForniteProject/PSP0/Code" start="@1536800440728" delta="16" />
  <time id="6" path="/ForniteProject/PSP0/Code" start="@1536801451762" delta="282" />
  <time id="7" path="/ForniteProject/PSP0/Code" start="@1537046487538" delta="362" />
  <time id="8" path="/ForniteProject/PSP0/Code" start="@1537223384733" delta="93" />
  <time id="9" path="/ForniteProject/PSP0/Code" start="@1537229024401" delta="15" />
</timeLogEntries>
