<?xml version='1.0' encoding='UTF-8' ?>
<timeLogEntries>
  <time id="1" path="/Non Project/PSP for Engineers/Student Profile" start="@1537229097154" delta="4" />
  <time id="2" path="/Lab2/PSP0/Code" start="@1537229368193" delta="189" />
  <time id="3" path="/Lab2/PSP0/Code" start="@1537243900182" delta="115" />
  <time id="4" path="/Lab2/PSP0/Code" start="@1537285851985" delta="90" />
  <time id="5" path="/Lab2/PSP0/Code" start="@1537324165152" delta="166" />
  <time id="6" path="/Lab2/PSP0/Code" start="@1537368908972" delta="79" />
  <time id="7" path="/Lab2/PSP0/Code" start="@1537404307002" delta="333" />
  <time id="8" path="/Lab2/PSP0/Code" start="@1537477863602" delta="70" />
  <time id="9" path="/Lab2/PSP0/Code" start="@1537483405484" delta="90" />
  <time id="10" path="/Lab2/PSP0/Code" start="@1537490763686" delta="1" />
  <time id="11" path="/Lab2/PSP0/Code" start="@1537491055260" delta="135" />
</timeLogEntries>
